<?xml version="1.0"?>

<project name="copy-test" basedir="." default="test1">

  <target name="test1">
    <mkdir dir="copytest" />
    <copy todir="copytest">
      <fileset dir="../../../main">
        <include name="**/taskdefs/*.java" />
      </fileset>
      <fileset dir="../../../tests/junit">
        <include name="**/taskdefs/*.java" />
      </fileset>
      <mapper type="flatten" />
    </copy>
  </target>

  <target name="cleanup">
    <delete dir="copytest" />
  </target>

</project>
